,dm_URL,dm_URL_count,dm_Title,dm_Language,dm_UserAgent,dm_Browser,dm_Operating_sys,dm_Opsys_ver,dm_mobile_model,dm_Referrer,tm_Date,tm_Duration,tm_DurationMoreThan1day,tm_SessionStarted,tm_SessionEnded,geo_IP,geo_City,geo_Region,geo_Country,env_UserId,cn_UserDataType
b0uews,['http://localhost/'],1,['Commerce Cloud Site'],['en-GB'],"['Mozilla/5.0 (Macintosh; Intel Mac OS X 10_15_7) AppleWebKit/537.36 (KHTML, like Gecko) Chrome/88.0.4324.150 Safari/537.36 OPR/74.0.3911.160']",Chrome,Macintosh, Intel Mac OS X 10_15_7,,,"['2021-03-24', '2021-03-27']",15098,2,2021-03-24 12:44:19.706000,2021-03-27 16:55:58.638000,127.0.0.1,,,,1523jpa,4g
11h19hg,"['http://mytravelexp.com/', 'https://mytravelexp.com/', 'https://mytravelexp.com/page/2/', 'http://mytravelexp.com/category/uncategorized/', 'http://mytravelexp.com/travel-essentials/travel-essentials-for-asia/', 'https://mytravelexp.com/tag/europe-travel/', 'http://mytravelexp.com/tag/travel-list/', 'http://mytravelexp.com/travel-around-oceania/', 'http://mytravelexp.com/about/', 'http://mytravelexp.com/destinations/', 'https://mytravelexp.com/tag/budget-destinations/', 'http://mytravelexp.com/travel-essentials/travel-essentials-for-oceania/', 'https://mytravelexp.com/tag/oceania-travel/', 'http://mytravelexp.com/category/thailand/', 'https://mytravelexp.com/about/', 'http://mytravelexp.com/?s={search_term_string}', 'http://mytravelexp.com/budget-travel/budget-travel-destinations/', 'https://mytravelexp.com/work-with--us/', 'https://mytravelexp.com/travel-around-europe/', 'http://mytravelexp.com/budget-travel/smart-ways-for-budget-travel/', 'https://mytravelexp.com/privacy-policy/', 'http://mytravelexp.com/tag/oceania-travel/', 'http://mytravelexp.com/2020/11/', 'http://mytravelexp.com/2020/12/', 'http://mytravelexp.com/tag/travelling-smartly/', 'https://mytravelexp.com/tag/travel-essentials-for-asia/', 'http://mytravelexp.com/blog/']",27,"['Home - My Travel Exp', 'Uncategorized Archives - My Travel Exp', 'Useful Travel Essentials for Asia and what to expect - My Travel Exp', 'europe travel Archives - My Travel Exp', 'travel list Archives - My Travel Exp', 'Oceania - My Travel Exp', 'About - My Travel Exp', 'Destinations - My Travel Exp', 'budget destinations Archives - My Travel Exp', 'How To Pack Travel Essentials For Oceania Adventure - My Travel Exp', 'oceania travel Archives - My Travel Exp', 'Thailand Archives - My Travel Exp', 'You searched for {search_term_string} - My Travel Exp', 'Top Destinations Around The World For Budget Travel - My Travel Exp', 'work-with-us - My Travel Exp', 'Europe - My Travel Exp', 'Budget Travel | How to Travel on a Low Budget in 5 smart ways - My Travel Exp', 'Privacy Policy / Terms and Conditions - My Travel Exp', 'November 2020 - My Travel Exp', 'December 2020 - My Travel Exp', 'travelling smartly Archives - My Travel Exp', 'travel essentials for asia Archives - My Travel Exp', 'Blog - My Travel Exp']",['en-US'],"['Mozilla/5.0 (Linux; Android 6.0.1; Nexus 5X Build/MMB29P) AppleWebKit/537.36 (KHTML, like Gecko) Chrome/89.0.4389.99 Mobile Safari/537.36 (compatible; Googlebot/2.1; +http://www.google.com/bot.html)', 'Mozilla/5.0 AppleWebKit/537.36 (KHTML, like Gecko; compatible; Googlebot/2.1; +http://www.google.com/bot.html) Chrome/89.0.4389.99 Safari/537.36', 'Mozilla/5.0 (Linux; Android 6.0.1; Nexus 5X Build/MMB29P) AppleWebKit/537.36 (KHTML, like Gecko) Chrome/89.0.4389.112 Mobile Safari/537.36 (compatible; Googlebot/2.1; +http://www.google.com/bot.html)', 'Mozilla/5.0 AppleWebKit/537.36 (KHTML, like Gecko; compatible; Googlebot/2.1; +http://www.google.com/bot.html) Chrome/89.0.4389.112 Safari/537.36']",Chrome,Linux, Android 6.0.1, Nexus 5X Build/MMB29P,,"['2021-03-27', '2021-03-28', '2021-03-29', '2021-03-30', '2021-04-04', '2021-04-05', '2021-04-07', '2021-04-10', '2021-04-12']",66038,9,2021-03-27 19:02:10.807000,2021-04-12 13:22:49.375000,"['66.249.70.58', '66.249.70.56', '66.249.70.60', '66.249.68.54', '66.249.68.50', '66.249.68.52', '66.249.66.92', '66.249.66.94', '66.249.68.36', '66.249.68.38', '66.249.76.132', '66.249.76.130', '66.249.69.239', '66.249.69.243', '66.249.69.69', '66.249.69.95', '66.249.69.241']",Mountain View,California,United States,x0rkit,4g
d3m2i0,['http://mytravelexp.com/'],1,['Home - My Travel Exp'],['en-gb'],"['Mozilla/5.0 (Macintosh; Intel Mac OS X 10_15_7) AppleWebKit/605.1.15 (KHTML, like Gecko) Version/14.0.3 Safari/605.1.15']",Safari,Macintosh, Intel Mac OS X 10_15_7,,,2021-03-27,211,0,2021-03-27 20:11:17.185000,2021-03-27 20:14:48.759000,103.77.37.48,Chandampet,Telangana,India,1qtg2g9,
1geg8fx,['https://mytravelexp.com/travel-around-asia/'],1,['Asia - My Travel Exp'],['en-gb'],"['Mozilla/5.0 (Macintosh; Intel Mac OS X 10_15_7) AppleWebKit/605.1.15 (KHTML, like Gecko) Version/14.0.3 Safari/605.1.15']",Safari,Macintosh, Intel Mac OS X 10_15_7,,['http://mytravelexp.com/'],2021-03-27,23,0,2021-03-27 20:14:54.541000,2021-03-27 20:15:18.466000,103.77.37.48,Chandampet,Telangana,India,1qtg2g9,
1x7i3u7,['https://mytravelexp.com/blog/'],1,['Blog - My Travel Exp'],['en-gb'],"['Mozilla/5.0 (Macintosh; Intel Mac OS X 10_15_7) AppleWebKit/605.1.15 (KHTML, like Gecko) Version/14.0.3 Safari/605.1.15']",Safari,Macintosh, Intel Mac OS X 10_15_7,,['https://mytravelexp.com/travel-around-asia/'],2021-03-27,18,0,2021-03-27 20:15:22.135000,2021-03-27 20:15:41.023000,103.77.37.48,Chandampet,Telangana,India,1qtg2g9,
10l3trc,['http://mytravelexp.com/'],1,['Home - My Travel Exp'],['en-gb'],"['Mozilla/5.0 (Macintosh; Intel Mac OS X 10_15_7) AppleWebKit/605.1.15 (KHTML, like Gecko) Version/14.0.3 Safari/605.1.15']",Safari,Macintosh, Intel Mac OS X 10_15_7,,,2021-03-30,52,0,2021-03-30 13:58:11.647000,2021-03-30 13:59:04.217000,103.77.37.91,Nūzvīd,Andhra Pradesh,India,1qtg2g9,
2hsnes,['https://mytravelexp.com/about/'],1,['About - My Travel Exp'],['en-gb'],"['Mozilla/5.0 (Macintosh; Intel Mac OS X 10_15_7) AppleWebKit/605.1.15 (KHTML, like Gecko) Version/14.0.3 Safari/605.1.15']",Safari,Macintosh, Intel Mac OS X 10_15_7,,['http://mytravelexp.com/'],2021-03-30,138,0,2021-03-30 13:59:08.409000,2021-03-30 14:01:27.057000,103.77.37.91,Nūzvīd,Andhra Pradesh,India,1qtg2g9,
1lmy1gr,['https://mytravelexp.com/about/'],1,['About - My Travel Exp'],['en-gb'],"['Mozilla/5.0 (Macintosh; Intel Mac OS X 10_15_7) AppleWebKit/605.1.15 (KHTML, like Gecko) Version/14.0.3 Safari/605.1.15']",Safari,Macintosh, Intel Mac OS X 10_15_7,,['http://mytravelexp.com/'],2021-03-30,377,0,2021-03-30 14:01:32.044000,2021-03-30 14:07:49.365000,103.77.37.91,Nūzvīd,Andhra Pradesh,India,1qtg2g9,
1gy2b8l,['http://mytravelexp.com/'],1,['Home - My Travel Exp'],['en-gb'],"['Mozilla/5.0 (Macintosh; Intel Mac OS X 10_15_7) AppleWebKit/605.1.15 (KHTML, like Gecko) Version/14.0.3 Safari/605.1.15']",Safari,Macintosh, Intel Mac OS X 10_15_7,,,2021-03-30,297,0,2021-03-30 14:20:12.875000,2021-03-30 14:25:10.325000,"['103.77.37.91', '196.15.23.6']","['Nūzvīd', 'Bengaluru']",Andhra Pradesh,India,1qtg2g9,
1d9gxi5,['http://mytravelexp.com/'],1,['Home - My Travel Exp'],['en-gb'],"['Mozilla/5.0 (Macintosh; Intel Mac OS X 10_15_7) AppleWebKit/605.1.15 (KHTML, like Gecko) Version/14.0.3 Safari/605.1.15']",Safari,Macintosh, Intel Mac OS X 10_15_7,,,2021-03-30,462,0,2021-03-30 14:40:17.402000,2021-03-30 14:47:59.417000,"['103.77.37.91', '196.15.23.13']","['Nūzvīd', 'Bengaluru']",Andhra Pradesh,India,1qtg2g9,
y5oy66,['http://mytravelexp.com/'],1,['Home - My Travel Exp'],['en-gb'],"['Mozilla/5.0 (Macintosh; Intel Mac OS X 10_15_7) AppleWebKit/605.1.15 (KHTML, like Gecko) Version/14.0.3 Safari/605.1.15']",Safari,Macintosh, Intel Mac OS X 10_15_7,,,2021-03-30,338,0,2021-03-30 15:57:25.713000,2021-03-30 16:03:04.376000,103.77.37.91,Nūzvīd,Andhra Pradesh,India,1qtg2g9,
hd98oy,['http://mytravelexp.com/'],1,['Home - My Travel Exp'],['en-US'],['Mozilla/5.0 (Macintosh; Intel Mac OS X 10.15; rv:87.0) Gecko/20100101 Firefox/87.0'],Firefox,Macintosh, Intel Mac OS X 10.15, rv:87.0,,2021-03-30,300,0,2021-03-30 20:45:13.040000,2021-03-30 20:50:13.727000,103.77.37.91,Nūzvīd,Andhra Pradesh,India,199j196,
tmm8kc,['http://mytravelexp.com/'],1,['Home - My Travel Exp'],['en-gb'],"['Mozilla/5.0 (Macintosh; Intel Mac OS X 10_15_7) AppleWebKit/605.1.15 (KHTML, like Gecko) Version/14.0.3 Safari/605.1.15']",Safari,Macintosh, Intel Mac OS X 10_15_7,,,2021-04-03,112,0,2021-04-03 13:22:51.225000,2021-04-03 13:24:43.788000,103.77.37.40,Andol,Telangana,India,1qtg2g9,
d1gavz,['http://mytravelexp.com/'],1,['Home - My Travel Exp'],['en-gb'],"['Mozilla/5.0 (Macintosh; Intel Mac OS X 10_15_7) AppleWebKit/605.1.15 (KHTML, like Gecko) Version/14.0.3 Safari/605.1.15']",Safari,Macintosh, Intel Mac OS X 10_15_7,,,2021-04-03,312,0,2021-04-03 13:24:47.232000,2021-04-03 13:29:59.739000,103.77.37.40,Andol,Telangana,India,1qtg2g9,
evoxy8,['https://mytravelexp.com/travel-around-europe/'],1,['Europe - My Travel Exp'],['en-US'],['Mozilla/5.0 (Windows NT 10.0; Win64; x64; rv:87.0) Gecko/20100101 Firefox/87.0'],Firefox,Windows NT 10.0, Win64,,['https://mytravelexp.com/'],2021-04-03,336,0,2021-04-03 13:25:39.728000,2021-04-03 13:31:16.388000,49.207.212.248,Bengaluru,Karnataka,India,ju8tuw,
gqhfla,"['https://mytravelexp.com/', 'https://mytravelexp.com/blog/', 'https://mytravelexp.com/category/thailand/', 'https://mytravelexp.com/category/travel-hacks/', 'https://mytravelexp.com/2020/12/']",5,"['Home - My Travel Exp', 'Blog - My Travel Exp', 'Thailand Archives - My Travel Exp', 'travel hacks Archives - My Travel Exp', 'December 2020 - My Travel Exp']",['de'],['Mozilla/5.0 (Windows NT 10.0; Win64; x64; rv:86.0) Gecko/20100101 Firefox/86.0'],Firefox,Windows NT 10.0, Win64,,"['https://mytravelexp.com/destinations/', 'https://mytravelexp.com/', 'https://mytravelexp.com/blog/', 'https://mytravelexp.com/category/thailand/', 'https://mytravelexp.com/category/travel-hacks/']",2021-04-03,364,0,2021-04-03 13:39:58.936000,2021-04-03 13:46:03.658000,95.223.182.98,Bonn,North Rhine-Westphalia,Germany,1kuh7mx,
1rlj5sm,"['https://mytravelexp.com/2020/12/', 'https://mytravelexp.com/category/budget-travel/', 'https://mytravelexp.com/blog/', 'https://mytravelexp.com/about/', 'https://mytravelexp.com/contactus/', 'https://mytravelexp.com/']",6,"['December 2020 - My Travel Exp', 'Budget Travel Archives - My Travel Exp', 'Blog - My Travel Exp', 'About - My Travel Exp', 'Contact Us - My Travel Exp', 'Home - My Travel Exp']",['en-US'],"['Mozilla/5.0 (Windows NT 10.0; Win64; x64) AppleWebKit/537.36 (KHTML, like Gecko) Chrome/89.0.4389.114 Safari/537.36']",Chrome,Windows NT 10.0, Win64,,"['https://mytravelexp.com/2020/12/', 'https://mytravelexp.com/category/budget-travel/', 'https://mytravelexp.com/blog/', 'https://mytravelexp.com/about/', 'https://mytravelexp.com/contactus/']",2021-04-03,331,0,2021-04-03 13:40:54.581000,2021-04-03 13:46:26.164000,95.223.182.98,Bonn,North Rhine-Westphalia,Germany,j87jtf,4g
rdkbqb,['http://mytravelexp.com/'],1,['Home - My Travel Exp'],['en-US'],"['Mozilla/5.0 (Windows NT 10.0; Win64; x64) AppleWebKit/537.36 (KHTML, like Gecko) Chrome/89.0.4389.114 Safari/537.36']",Chrome,Windows NT 10.0, Win64,,,2021-04-03,64,0,2021-04-03 16:36:11.470000,2021-04-03 16:37:15.554000,95.223.182.98,Bonn,North Rhine-Westphalia,Germany,j87jtf,4g
111j3jy,"['https://mytravelexp.com/travel-around-europe/', 'https://mytravelexp.com/travel-essentials/travel-essentials-for-europe/', 'https://mytravelexp.com/category/budget-travel/', 'https://mytravelexp.com/']",4,"['Europe - My Travel Exp', 'The guide to ultimate Travel Essentials for Europe packing Checklist - My Travel Exp', 'Budget Travel Archives - My Travel Exp', 'Home - My Travel Exp']",['en-US'],"['Mozilla/5.0 (Windows NT 10.0; Win64; x64) AppleWebKit/537.36 (KHTML, like Gecko) Chrome/89.0.4389.114 Safari/537.36']",Chrome,Windows NT 10.0, Win64,,"['http://mytravelexp.com/', 'https://mytravelexp.com/travel-around-europe/', 'https://mytravelexp.com/travel-essentials/travel-essentials-for-europe/', 'https://mytravelexp.com/category/budget-travel/']",2021-04-03,938,0,2021-04-03 16:37:18.945000,2021-04-03 16:52:57.864000,95.223.182.98,Bonn,North Rhine-Westphalia,Germany,j87jtf,4g
1kbxlo3,"['https://mytravelexp.com/category/travel-essentials/', 'https://mytravelexp.com/author/anirudhmech911gmail-com/']",2,"['travel essentials Archives - My Travel Exp', 'mytravelexp, Author at My Travel Exp']",['de'],['Mozilla/5.0 (Windows NT 10.0; Win64; x64; rv:86.0) Gecko/20100101 Firefox/86.0'],Firefox,Windows NT 10.0, Win64,,"['https://mytravelexp.com/2020/12/', 'https://mytravelexp.com/category/travel-essentials/']",2021-04-03,303,0,2021-04-03 16:37:34.698000,2021-04-03 16:42:38.016000,95.223.182.98,Bonn,North Rhine-Westphalia,Germany,1kuh7mx,
1yzd91i,['https://mytravelexp.com/travel-around-europe/'],1,['Europe - My Travel Exp'],['en-US'],['Mozilla/5.0 (Windows NT 10.0; Win64; x64; rv:87.0) Gecko/20100101 Firefox/87.0'],Firefox,Windows NT 10.0, Win64,,['https://mytravelexp.com/'],2021-04-03,0,0,2021-04-03 21:33:43.797000,2021-04-03 21:33:43.797000,49.207.214.25,Bengaluru,Karnataka,India,ju8tuw,
zlxdeq,['https://mytravelexp.com/'],1,['Home - My Travel Exp'],['en-US'],"['Mozilla/5.0 (Linux; Android 9; SM-N950F) AppleWebKit/537.36 (KHTML, like Gecko) Chrome/79.0.3945.116 Mobile Safari/537.36']",Chrome,Linux, Android 9, SM-N950F,,2021-04-04,0,0,2021-04-04 09:33:52.040000,2021-04-04 09:33:52.040000,49.207.214.25,Bengaluru,Karnataka,India,qalrkb,4g
1fchtkp,"['https://mytravelexp.com/', 'https://mytravelexp.com/about/']",2,"['Home - My Travel Exp', 'About - My Travel Exp']",['en-US'],['Mozilla/5.0 (Windows NT 10.0; Win64; x64; rv:87.0) Gecko/20100101 Firefox/87.0'],Firefox,Windows NT 10.0, Win64,,['https://mytravelexp.com/'],2021-04-04,761,0,2021-04-04 09:42:55.539000,2021-04-04 09:55:36.655000,49.207.214.25,Bengaluru,Karnataka,India,ju8tuw,
1lzrt2x,['http://mytravelexp.com/'],1,['Home - My Travel Exp'],['en-gb'],"['Mozilla/5.0 (Macintosh; Intel Mac OS X 10_15_7) AppleWebKit/605.1.15 (KHTML, like Gecko) Version/14.0.3 Safari/605.1.15']",Safari,Macintosh, Intel Mac OS X 10_15_7,,,2021-04-04,0,0,2021-04-04 10:08:15.614000,2021-04-04 10:08:15.614000,103.77.37.40,Andol,Telangana,India,1qtg2g9,
42ej9e,"['https://mytravelexp.com/', 'https://mytravelexp.com/travel-around-europe/', 'https://mytravelexp.com/travel-around-oceania/', 'https://mytravelexp.com/blog/', 'https://mytravelexp.com/about/', 'https://mytravelexp.com/contactus/', 'https://mytravelexp.com/privacy-policy/', 'https://mytravelexp.com/destinations/']",8,"['Home - My Travel Exp', 'Europe - My Travel Exp', 'Oceania - My Travel Exp', 'Blog - My Travel Exp', 'About - My Travel Exp', 'Contact Us - My Travel Exp', 'Privacy Policy / Terms and Conditions - My Travel Exp', 'Destinations - My Travel Exp']",['en-US'],"['Mozilla/5.0 (Windows NT 10.0; Win64; x64) AppleWebKit/537.36 (KHTML, like Gecko) Chrome/89.0.4389.90 Safari/537.36', 'Mozilla/5.0 (Linux; Android 6.0; Nexus 5 Build/MRA58N) AppleWebKit/537.36 (KHTML, like Gecko) Chrome/89.0.4389.90 Mobile Safari/537.36']",Chrome,Windows NT 10.0, Win64,,"['https://mytravelexp.com/', 'https://mytravelexp.com/travel-around-europe/', 'https://mytravelexp.com/travel-around-oceania/', 'https://mytravelexp.com/blog/', 'https://mytravelexp.com/about/', 'https://mytravelexp.com/contactus/', 'https://mytravelexp.com/privacy-policy/', 'https://mytravelexp.com/destinations/']",2021-04-04,390,0,2021-04-04 11:45:55.919000,2021-04-04 11:52:25.932000,46.128.196.219,Garching bei München,Bavaria,Germany,duyqwu,4g
1wibv3d,['http://mytravelexp.com/'],1,['Home - My Travel Exp'],['en-US'],"['Mozilla/5.0 (Windows NT 10.0; Win64; x64) AppleWebKit/537.36 (KHTML, like Gecko) Chrome/89.0.4389.114 Safari/537.36']",Chrome,Windows NT 10.0, Win64,,,2021-04-04,3,0,2021-04-04 14:26:54.821000,2021-04-04 14:26:58.663000,178.200.236.10,Sankt Augustin,North Rhine-Westphalia,Germany,j87jtf,4g
jr5v4e,"['https://mytravelexp.com/', 'https://mytravelexp.com/travel-around-asia/', 'https://mytravelexp.com/travel-essentials/travel-essentials-for-asia/', 'https://mytravelexp.com/privacy-policy/', 'https://mytravelexp.com/blog/', 'https://mytravelexp.com/about/', 'https://mytravelexp.com/travel-hacks/awesome-travel-hacks/']",7,"['Home - My Travel Exp', 'Asia - My Travel Exp', 'Useful Travel Essentials for Asia and what to expect - My Travel Exp', 'Privacy Policy / Terms and Conditions - My Travel Exp', 'Blog - My Travel Exp', 'About - My Travel Exp', '25 Unconventional And Awesome Travel Hacks For Better Travel Experiences - My Travel Exp']",['en-US'],"['Mozilla/5.0 (Windows NT 10.0; Win64; x64) AppleWebKit/537.36 (KHTML, like Gecko) Chrome/89.0.4389.114 Safari/537.36']",Chrome,Windows NT 10.0, Win64,,"['http://mytravelexp.com/', 'https://mytravelexp.com/', 'https://mytravelexp.com/travel-around-asia/', 'https://mytravelexp.com/travel-essentials/travel-essentials-for-asia/', 'https://mytravelexp.com/privacy-policy/', 'https://mytravelexp.com/blog/', 'https://mytravelexp.com/about/']",2021-04-04,1478,0,2021-04-04 14:27:02.752000,2021-04-04 14:51:41.714000,178.200.236.10,Sankt Augustin,North Rhine-Westphalia,Germany,j87jtf,4g
1du7h4g,['http://mytravelexp.com/'],1,['Home - My Travel Exp'],['de'],['Mozilla/5.0 (Windows NT 10.0; Win64; x64; rv:87.0) Gecko/20100101 Firefox/87.0'],Firefox,Windows NT 10.0, Win64,,,2021-04-04,1,0,2021-04-04 14:37:00.919000,2021-04-04 14:37:02,178.200.236.10,Sankt Augustin,North Rhine-Westphalia,Germany,1kuh7mx,
h0e9xp,"['https://mytravelexp.com/blog/', 'https://mytravelexp.com/about/', 'https://mytravelexp.com/contactus/']",3,"['Blog - My Travel Exp', 'About - My Travel Exp', 'Contact Us - My Travel Exp']",['de'],['Mozilla/5.0 (Windows NT 10.0; Win64; x64; rv:87.0) Gecko/20100101 Firefox/87.0'],Firefox,Windows NT 10.0, Win64,,"['http://mytravelexp.com/', 'https://mytravelexp.com/blog/', 'https://mytravelexp.com/about/']",2021-04-04,304,0,2021-04-04 14:37:03.117000,2021-04-04 14:42:07.821000,178.200.236.10,Sankt Augustin,North Rhine-Westphalia,Germany,1kuh7mx,
16tupao,"['https://mytravelexp.com/contactus/', 'https://mytravelexp.com/', 'https://mytravelexp.com/blog/', 'https://mytravelexp.com/category/travel-essentials/', 'https://mytravelexp.com/category/budget-travel/', 'https://mytravelexp.com/category/thailand/']",6,"['Contact Us - My Travel Exp', 'Home - My Travel Exp', 'Blog - My Travel Exp', 'travel essentials Archives - My Travel Exp', 'Budget Travel Archives - My Travel Exp', 'Thailand Archives - My Travel Exp']",['en-US'],"['Mozilla/5.0 (Windows NT 10.0; Win64; x64) AppleWebKit/537.36 (KHTML, like Gecko) Chrome/89.0.4389.114 Safari/537.36']",Chrome,Windows NT 10.0, Win64,,"['https://mytravelexp.com/travel-hacks/awesome-travel-hacks/', 'https://mytravelexp.com/contactus/', 'https://mytravelexp.com/', 'https://mytravelexp.com/blog/', 'https://mytravelexp.com/category/travel-essentials/', 'https://mytravelexp.com/category/budget-travel/']",2021-04-04,1054,0,2021-04-04 15:23:28.764000,2021-04-04 15:41:02.926000,178.200.236.10,Sankt Augustin,North Rhine-Westphalia,Germany,j87jtf,4g
ytlxi9,"['https://mytravelexp.com/', 'https://mytravelexp.com/privacy-policy/']",2,"['Home - My Travel Exp', 'Privacy Policy / Terms and Conditions - My Travel Exp']",['de'],['Mozilla/5.0 (Windows NT 10.0; Win64; x64; rv:87.0) Gecko/20100101 Firefox/87.0'],Firefox,Windows NT 10.0, Win64,,"['https://mytravelexp.com/contactus/', 'https://mytravelexp.com/']",2021-04-04,303,0,2021-04-04 15:38:26.739000,2021-04-04 15:43:30.004000,178.200.236.10,Sankt Augustin,North Rhine-Westphalia,Germany,1kuh7mx,
1qdyt6h,['http://mytravelexp.com/'],1,['Home - My Travel Exp'],['en-US'],"['Mozilla/5.0 (Windows NT 10.0; Win64; x64) AppleWebKit/537.36 (KHTML, like Gecko) Chrome/89.0.4389.114 Safari/537.36']",Chrome,Windows NT 10.0, Win64,,,2021-04-04,0,0,2021-04-04 19:54:24.931000,2021-04-04 19:54:24.931000,178.200.236.10,Sankt Augustin,North Rhine-Westphalia,Germany,j87jtf,4g
1acstau,"['https://mytravelexp.com/blog/', 'https://mytravelexp.com/category/budget-travel/', 'https://mytravelexp.com/category/travel-essentials/', 'https://mytravelexp.com/2020/11/', 'https://mytravelexp.com/contactus/', 'https://mytravelexp.com/destinations/']",6,"['Blog - My Travel Exp', 'Budget Travel Archives - My Travel Exp', 'travel essentials Archives - My Travel Exp', 'November 2020 - My Travel Exp', 'Contact Us - My Travel Exp', 'Destinations - My Travel Exp']",['en-US'],"['Mozilla/5.0 (Windows NT 10.0; Win64; x64) AppleWebKit/537.36 (KHTML, like Gecko) Chrome/89.0.4389.114 Safari/537.36']",Chrome,Windows NT 10.0, Win64,,"['http://mytravelexp.com/', 'https://mytravelexp.com/blog/', 'https://mytravelexp.com/category/budget-travel/', 'https://mytravelexp.com/category/travel-essentials/', 'https://mytravelexp.com/2020/11/', 'https://mytravelexp.com/contactus/', 'https://mytravelexp.com/destinations/']",2021-04-04,371,0,2021-04-04 19:54:26.866000,2021-04-04 20:00:38.729000,178.200.236.10,Sankt Augustin,North Rhine-Westphalia,Germany,j87jtf,4g
qsmkds,['http://mytravelexp.com/'],1,['Home - My Travel Exp'],['en-US'],"['Mozilla/5.0 (Windows NT 10.0; Win64; x64) AppleWebKit/537.36 (KHTML, like Gecko) Chrome/89.0.4389.114 Safari/537.36']",Chrome,Windows NT 10.0, Win64,,,2021-04-04,0,0,2021-04-04 23:08:33.391000,2021-04-04 23:08:33.391000,178.200.236.10,Sankt Augustin,North Rhine-Westphalia,Germany,j87jtf,4g
1397x88,"['https://mytravelexp.com/blog/', 'https://mytravelexp.com/about/', 'https://mytravelexp.com/contactus/', 'https://mytravelexp.com/']",4,"['Blog - My Travel Exp', 'About - My Travel Exp', 'Contact Us - My Travel Exp', 'Home - My Travel Exp']",['en-US'],"['Mozilla/5.0 (Windows NT 10.0; Win64; x64) AppleWebKit/537.36 (KHTML, like Gecko) Chrome/89.0.4389.114 Safari/537.36']",Chrome,Windows NT 10.0, Win64,,"['http://mytravelexp.com/', 'https://mytravelexp.com/blog/', 'https://mytravelexp.com/about/', 'https://mytravelexp.com/contactus/']",2021-04-04,313,0,2021-04-04 23:08:34.754000,2021-04-04 23:13:47.924000,178.200.236.10,Sankt Augustin,North Rhine-Westphalia,Germany,j87jtf,4g
p37ljn,['http://mytravelexp.com/'],1,['Home - My Travel Exp'],['de'],['Mozilla/5.0 (Windows NT 10.0; Win64; x64; rv:87.0) Gecko/20100101 Firefox/87.0'],Firefox,Windows NT 10.0, Win64,,,2021-04-04,214,0,2021-04-04 23:52:44.296000,2021-04-04 23:56:18.551000,178.200.236.10,Sankt Augustin,North Rhine-Westphalia,Germany,1kuh7mx,
15iqhjg,['http://mytravelexp.com/'],1,['Home - My Travel Exp'],['en-US'],"['Mozilla/5.0 (Windows NT 10.0; Win64; x64) AppleWebKit/537.36 (KHTML, like Gecko) Chrome/89.0.4389.114 Safari/537.36']",Chrome,Windows NT 10.0, Win64,,,2021-04-05,309,0,2021-04-05 09:24:55.580000,2021-04-05 09:30:04.751000,95.223.182.163,Sankt Augustin,North Rhine-Westphalia,Germany,j87jtf,4g
19v5a9q,"['https://mytravelexp.com/about/', 'https://mytravelexp.com/contactus/', 'https://mytravelexp.com/privacy-policy/', 'https://mytravelexp.com/category/budget-travel/', 'https://mytravelexp.com/category/travel-hacks/', 'https://mytravelexp.com/budget-travel/budget-travel-destinations/', 'https://mytravelexp.com/category/thailand/', 'https://mytravelexp.com/category/travel-essentials/', 'https://mytravelexp.com/2020/12/']",9,"['About - My Travel Exp', 'Contact Us - My Travel Exp', 'Privacy Policy / Terms and Conditions - My Travel Exp', 'Budget Travel Archives - My Travel Exp', 'travel hacks Archives - My Travel Exp', 'Top Destinations Around The World For Budget Travel - My Travel Exp', 'Thailand Archives - My Travel Exp', 'travel essentials Archives - My Travel Exp', 'December 2020 - My Travel Exp']",['en-US'],"['Mozilla/5.0 (Windows NT 10.0; Win64; x64) AppleWebKit/537.36 (KHTML, like Gecko) Chrome/89.0.4389.114 Safari/537.36']",Chrome,Windows NT 10.0, Win64,,"['http://mytravelexp.com/', 'https://mytravelexp.com/about/', 'https://mytravelexp.com/contactus/', 'https://mytravelexp.com/privacy-policy/', 'https://mytravelexp.com/category/budget-travel/', 'https://mytravelexp.com/category/travel-hacks/', 'https://mytravelexp.com/budget-travel/budget-travel-destinations/', 'https://mytravelexp.com/category/thailand/', 'https://mytravelexp.com/category/travel-essentials/']",2021-04-05,1557,0,2021-04-05 09:51:04.756000,2021-04-05 10:17:02.754000,95.223.182.163,Sankt Augustin,North Rhine-Westphalia,Germany,j87jtf,4g
1d6bui8,"['https://mytravelexp.com/travel-around-asia/', 'https://mytravelexp.com/blog/', 'https://mytravelexp.com/about/', 'https://mytravelexp.com/contactus/', 'https://mytravelexp.com/privacy-policy/', 'https://mytravelexp.com/']",6,"['Asia - My Travel Exp', 'Blog - My Travel Exp', 'About - My Travel Exp', 'Contact Us - My Travel Exp', 'Privacy Policy / Terms and Conditions - My Travel Exp', 'Home - My Travel Exp']",['en-US'],"['Mozilla/5.0 (Windows NT 10.0; Win64; x64) AppleWebKit/537.36 (KHTML, like Gecko) Chrome/89.0.4389.114 Safari/537.36']",Chrome,Windows NT 10.0, Win64,,"['https://mytravelexp.com/2020/12/', 'https://mytravelexp.com/travel-around-asia/', 'https://mytravelexp.com/blog/', 'https://mytravelexp.com/about/', 'https://mytravelexp.com/contactus/', 'https://mytravelexp.com/privacy-policy/', 'https://mytravelexp.com/']",2021-04-05,1740,0,2021-04-05 10:51:26.685000,2021-04-05 11:20:26.950000,95.223.182.163,Sankt Augustin,North Rhine-Westphalia,Germany,j87jtf,4g
p03mew,['http://mytravelexp.com/'],1,['Home - My Travel Exp'],['de'],['Mozilla/5.0 (Windows NT 10.0; Win64; x64; rv:87.0) Gecko/20100101 Firefox/87.0'],Firefox,Windows NT 10.0, Win64,,,2021-04-05,39,0,2021-04-05 11:43:45.017000,2021-04-05 11:44:24.276000,95.223.182.163,Sankt Augustin,North Rhine-Westphalia,Germany,1kuh7mx,
1s7yu7s,"['https://mytravelexp.com/blog/', 'https://mytravelexp.com/about/', 'https://mytravelexp.com/contactus/', 'https://mytravelexp.com/privacy-policy/', 'https://mytravelexp.com/']",5,"['Blog - My Travel Exp', 'About - My Travel Exp', 'Contact Us - My Travel Exp', 'Privacy Policy / Terms and Conditions - My Travel Exp', 'Home - My Travel Exp']",['de'],['Mozilla/5.0 (Windows NT 10.0; Win64; x64; rv:87.0) Gecko/20100101 Firefox/87.0'],Firefox,Windows NT 10.0, Win64,,"['http://mytravelexp.com/', 'https://mytravelexp.com/blog/', 'https://mytravelexp.com/about/', 'https://mytravelexp.com/contactus/', 'https://mytravelexp.com/privacy-policy/']",2021-04-05,679,0,2021-04-05 11:44:25.869000,2021-04-05 11:55:45.667000,95.223.182.163,Sankt Augustin,North Rhine-Westphalia,Germany,1kuh7mx,
1a6x9ln,['http://mytravelexp.com/'],1,['Home - My Travel Exp'],['en-US'],"['Mozilla/5.0 (Windows NT 10.0; Win64; x64) AppleWebKit/537.36 (KHTML, like Gecko) Chrome/89.0.4389.114 Safari/537.36']",Chrome,Windows NT 10.0, Win64,,,2021-04-05,3,0,2021-04-05 12:12:15.127000,2021-04-05 12:12:18.306000,94.134.92.219,Ingolstadt,Bavaria,Germany,mkf20j,4g
vev03g,"['https://mytravelexp.com/blog/', 'https://mytravelexp.com/category/budget-travel/', 'https://mytravelexp.com/2020/11/', 'https://mytravelexp.com/travel-essentials/travel-essentials-for-asia/']",4,"['Blog - My Travel Exp', 'Budget Travel Archives - My Travel Exp', 'November 2020 - My Travel Exp', 'Useful Travel Essentials for Asia and what to expect - My Travel Exp']",['en-US'],"['Mozilla/5.0 (Windows NT 10.0; Win64; x64) AppleWebKit/537.36 (KHTML, like Gecko) Chrome/89.0.4389.114 Safari/537.36']",Chrome,Windows NT 10.0, Win64,,"['http://mytravelexp.com/', 'https://mytravelexp.com/blog/', 'https://mytravelexp.com/category/budget-travel/', 'https://mytravelexp.com/2020/11/', 'https://mytravelexp.com/travel-essentials/travel-essentials-for-asia/']",2021-04-05,85,0,2021-04-05 12:12:33.525000,2021-04-05 12:13:59.421000,94.134.92.219,Ingolstadt,Bavaria,Germany,mkf20j,4g
1mdgmdb,"['https://mytravelexp.com/blog/', 'https://mytravelexp.com/about/']",2,"['Blog - My Travel Exp', 'About - My Travel Exp']",['en-US'],"['Mozilla/5.0 (Windows NT 10.0; Win64; x64) AppleWebKit/537.36 (KHTML, like Gecko) Chrome/89.0.4389.114 Safari/537.36']",Chrome,Windows NT 10.0, Win64,,"['https://mytravelexp.com/contactus/', 'https://mytravelexp.com/blog/']",2021-04-05,3,0,2021-04-05 12:12:53.734000,2021-04-05 12:12:57.121000,95.223.182.163,Sankt Augustin,North Rhine-Westphalia,Germany,j87jtf,4g
1cgxbak,[],0,[],[],[],,,,,,2021-04-05,19,0,2021-04-05 12:21:15.918000,2021-04-05 12:21:35.264000,94.134.92.219,Ingolstadt,Bavaria,Germany,mkf20j,
1ox2maz,['https://mytravelexp.com/'],1,['Home - My Travel Exp'],['en-US'],['Mozilla/5.0 (Windows NT 10.0; Win64; x64; rv:87.0) Gecko/20100101 Firefox/87.0'],Firefox,Windows NT 10.0, Win64,,,2021-04-05,354,0,2021-04-05 12:22:28.975000,2021-04-05 12:28:23.082000,49.207.214.61,Bengaluru,Karnataka,India,ju8tuw,
1ifc4yb,['https://mytravelexp.com/travel-essentials/travel-essentials-for-oceania/'],1,['How To Pack Travel Essentials For Oceania Adventure - My Travel Exp'],['en-US'],['Mozilla/5.0 (Windows NT 10.0; Win64; x64; rv:87.0) Gecko/20100101 Firefox/87.0'],Firefox,Windows NT 10.0, Win64,,['https://mytravelexp.com/'],2021-04-05,300,0,2021-04-05 12:23:28.650000,2021-04-05 12:28:29.279000,49.207.214.61,Bengaluru,Karnataka,India,ju8tuw,
2hidmb,['https://mytravelexp.com/destinations/'],1,['Destinations - My Travel Exp'],['en-US'],"['Mozilla/5.0 (Windows NT 10.0; Win64; x64) AppleWebKit/537.36 (KHTML, like Gecko) Chrome/89.0.4389.114 Safari/537.36']",Chrome,Windows NT 10.0, Win64,,['https://mytravelexp.com/contactus/'],2021-04-05,0,0,2021-04-05 12:37:17.509000,2021-04-05 12:37:17.509000,94.134.92.219,Ingolstadt,Bavaria,Germany,mkf20j,4g
1cvqxr1,"['https://mytravelexp.com/', 'https://mytravelexp.com/blog/', 'https://mytravelexp.com/about/']",3,"['Home - My Travel Exp', 'Blog - My Travel Exp', 'About - My Travel Exp']",['en-US'],['Mozilla/5.0 (Windows NT 10.0; Win64; x64; rv:87.0) Gecko/20100101 Firefox/87.0'],Firefox,Windows NT 10.0, Win64,,"['https://mytravelexp.com/', 'https://mytravelexp.com/blog/']",2021-04-05,38,0,2021-04-05 12:55:53.023000,2021-04-05 12:56:31.369000,49.207.214.61,Bengaluru,Karnataka,India,ju8tuw,
gtf7t8,"['https://mytravelexp.com/', 'https://mytravelexp.com/blog/', 'https://mytravelexp.com/about/', 'https://mytravelexp.com/contactus/', 'https://mytravelexp.com/privacy-policy/', 'https://mytravelexp.com/destinations/']",6,"['Home - My Travel Exp', 'Blog - My Travel Exp', 'About - My Travel Exp', 'Contact Us - My Travel Exp', 'Privacy Policy / Terms and Conditions - My Travel Exp', 'Destinations - My Travel Exp']",['en-US'],"['Mozilla/5.0 (Windows NT 10.0; Win64; x64) AppleWebKit/537.36 (KHTML, like Gecko) Chrome/89.0.4389.114 Safari/537.36']",Chrome,Windows NT 10.0, Win64,,"['https://mytravelexp.com/contactus/', 'https://mytravelexp.com/', 'https://mytravelexp.com/blog/', 'https://mytravelexp.com/about/', 'https://mytravelexp.com/destinations/']",2021-04-05,163,0,2021-04-05 13:15:18.885000,2021-04-05 13:18:02.845000,95.223.182.163,Sankt Augustin,North Rhine-Westphalia,Germany,j87jtf,4g
1o5hupy,['http://mytravelexp.com/'],1,['Home - My Travel Exp'],['en-US'],"['Mozilla/5.0 (Windows NT 10.0; Win64; x64) AppleWebKit/537.36 (KHTML, like Gecko) Chrome/89.0.4389.114 Safari/537.36']",Chrome,Windows NT 10.0, Win64,,,2021-04-06,0,0,2021-04-06 11:26:43.771000,2021-04-06 11:26:43.771000,178.200.236.27,Sankt Augustin,North Rhine-Westphalia,Germany,j87jtf,4g
1csr77r,"['https://mytravelexp.com/about/', 'https://mytravelexp.com/travel-around-asia/']",2,"['About - My Travel Exp', 'Asia - My Travel Exp']",['en-US'],"['Mozilla/5.0 (Windows NT 10.0; Win64; x64) AppleWebKit/537.36 (KHTML, like Gecko) Chrome/89.0.4389.114 Safari/537.36']",Chrome,Windows NT 10.0, Win64,,"['http://mytravelexp.com/', 'https://mytravelexp.com/about/']",2021-04-06,476,0,2021-04-06 11:26:48.263000,2021-04-06 11:34:44.434000,178.200.236.27,Sankt Augustin,North Rhine-Westphalia,Germany,j87jtf,4g
1ofkocz,['http://mytravelexp.com/'],1,['Home - My Travel Exp'],['en-US'],"['Mozilla/5.0 (Windows NT 10.0; Win64; x64) AppleWebKit/537.36 (KHTML, like Gecko) Chrome/89.0.4389.114 Safari/537.36']",Chrome,Windows NT 10.0, Win64,,,2021-04-07,0,0,2021-04-07 14:28:48.464000,2021-04-07 14:28:48.464000,178.200.236.109,Sankt Augustin,North Rhine-Westphalia,Germany,j87jtf,4g
15zmdp9,['https://mytravelexp.com/about/'],1,['About - My Travel Exp'],['en-US'],"['Mozilla/5.0 (Windows NT 10.0; Win64; x64) AppleWebKit/537.36 (KHTML, like Gecko) Chrome/89.0.4389.114 Safari/537.36']",Chrome,Windows NT 10.0, Win64,,"['http://mytravelexp.com/', 'https://mytravelexp.com/about/']",2021-04-07,313,0,2021-04-07 14:28:52.227000,2021-04-07 14:34:05.953000,178.200.236.109,Sankt Augustin,North Rhine-Westphalia,Germany,j87jtf,4g
1djhekg,['http://mytravelexp.com/'],1,['Home - My Travel Exp'],['de'],['Mozilla/5.0 (Windows NT 10.0; Win64; x64; rv:87.0) Gecko/20100101 Firefox/87.0'],Firefox,Windows NT 10.0, Win64,,,2021-04-07,12,0,2021-04-07 14:52:01.976000,2021-04-07 14:52:14.598000,178.200.236.109,Sankt Augustin,North Rhine-Westphalia,Germany,ubf6lk,
448djx,"['https://mytravelexp.com/about/', 'https://mytravelexp.com/blog/', 'https://mytravelexp.com/contactus/', 'https://mytravelexp.com/', 'https://mytravelexp.com/destinations/']",5,"['About - My Travel Exp', 'Blog - My Travel Exp', 'Contact Us - My Travel Exp', 'Home - My Travel Exp', 'Destinations - My Travel Exp']",['de'],['Mozilla/5.0 (Windows NT 10.0; Win64; x64; rv:87.0) Gecko/20100101 Firefox/87.0'],Firefox,Windows NT 10.0, Win64,,"['http://mytravelexp.com/', 'https://mytravelexp.com/about/', 'https://mytravelexp.com/blog/', 'https://mytravelexp.com/contactus/', 'https://mytravelexp.com/', 'https://mytravelexp.com/destinations/']",2021-04-07,52,0,2021-04-07 14:52:17.655000,2021-04-07 14:53:10.512000,178.200.236.109,Sankt Augustin,North Rhine-Westphalia,Germany,1vriyrg,
1srkiib,"['https://mytravelexp.com/blog/', 'https://mytravelexp.com/contactus/', 'https://mytravelexp.com/privacy-policy/', 'https://mytravelexp.com/', 'https://mytravelexp.com/destinations/', 'https://mytravelexp.com/about/']",6,"['Blog - My Travel Exp', 'Contact Us - My Travel Exp', 'Privacy Policy / Terms and Conditions - My Travel Exp', 'Home - My Travel Exp', 'Destinations - My Travel Exp', 'About - My Travel Exp']",['en-US'],"['Mozilla/5.0 (Windows NT 10.0; Win64; x64) AppleWebKit/537.36 (KHTML, like Gecko) Chrome/89.0.4389.114 Safari/537.36']",Chrome,Windows NT 10.0, Win64,,"['https://mytravelexp.com/about/', 'https://mytravelexp.com/blog/', 'https://mytravelexp.com/contactus/', 'https://mytravelexp.com/privacy-policy/', 'https://mytravelexp.com/', 'https://mytravelexp.com/destinations/']",2021-04-07,2007,0,2021-04-07 14:58:59.681000,2021-04-07 15:32:27.563000,178.200.236.109,Sankt Augustin,North Rhine-Westphalia,Germany,j87jtf,4g
hcrase,['http://mytravelexp.com/'],1,['Home - My Travel Exp'],['de'],['Mozilla/5.0 (Windows NT 10.0; Win64; x64; rv:87.0) Gecko/20100101 Firefox/87.0'],Firefox,Windows NT 10.0, Win64,,,2021-04-07,0,0,2021-04-07 15:00:12.763000,2021-04-07 15:00:12.763000,178.200.236.109,Sankt Augustin,North Rhine-Westphalia,Germany,1vriyrg,
1cru2p,"['https://mytravelexp.com/destinations/', 'https://mytravelexp.com/contactus/', 'https://mytravelexp.com/privacy-policy/']",3,"['Destinations - My Travel Exp', 'Contact Us - My Travel Exp', 'Privacy Policy / Terms and Conditions - My Travel Exp']",['de'],['Mozilla/5.0 (Windows NT 10.0; Win64; x64; rv:87.0) Gecko/20100101 Firefox/87.0'],Firefox,Windows NT 10.0, Win64,,"['http://mytravelexp.com/', 'https://mytravelexp.com/destinations/', 'https://mytravelexp.com/contactus/', 'https://mytravelexp.com/privacy-policy/']",2021-04-07,384,0,2021-04-07 15:00:14.312000,2021-04-07 15:06:39.152000,178.200.236.109,Sankt Augustin,North Rhine-Westphalia,Germany,1vriyrg,
l1khz1,"['https://mytravelexp.com/travel-around-europe/', 'https://mytravelexp.com/blog/', 'https://mytravelexp.com/about/', 'https://mytravelexp.com/travel-essentials/backpacking-travel-essentials/']",4,"['Europe - My Travel Exp', 'Blog - My Travel Exp', 'About - My Travel Exp', 'The Ultimate guide to Travel Essentials | Should Be Items in your Backpack - My Travel Exp']",['en-US'],"['Mozilla/5.0 (Windows NT 10.0; Win64; x64) AppleWebKit/537.36 (KHTML, like Gecko) Chrome/89.0.4389.114 Safari/537.36']",Chrome,Windows NT 10.0, Win64,,"['https://mytravelexp.com/', 'https://mytravelexp.com/travel-around-europe/', 'https://mytravelexp.com/blog/', 'https://mytravelexp.com/about/']",2021-04-07,1013,0,2021-04-07 15:35:04.808000,2021-04-07 15:51:57.996000,178.200.236.109,Sankt Augustin,North Rhine-Westphalia,Germany,j87jtf,4g
1mgv1ed,['http://mytravelexp.com/'],1,['Home - My Travel Exp'],['en-US'],"['Mozilla/5.0 (Windows NT 10.0; Win64; x64) AppleWebKit/537.36 (KHTML, like Gecko) Chrome/89.0.4389.114 Safari/537.36']",Chrome,Windows NT 10.0, Win64,,,2021-04-08,0,0,2021-04-08 12:24:16.414000,2021-04-08 12:24:16.414000,95.223.183.233,Bonn,North Rhine-Westphalia,Germany,j87jtf,4g
kvw0yx,"['https://mytravelexp.com/about/', 'https://mytravelexp.com/contactus/', 'https://mytravelexp.com/privacy-policy/', 'https://mytravelexp.com/']",4,"['About - My Travel Exp', 'Contact Us - My Travel Exp', 'Privacy Policy / Terms and Conditions - My Travel Exp', 'Home - My Travel Exp']",['en-US'],"['Mozilla/5.0 (Windows NT 10.0; Win64; x64) AppleWebKit/537.36 (KHTML, like Gecko) Chrome/89.0.4389.114 Safari/537.36']",Chrome,Windows NT 10.0, Win64,,"['http://mytravelexp.com/', 'https://mytravelexp.com/about/', 'https://mytravelexp.com/contactus/', 'https://mytravelexp.com/privacy-policy/', 'https://mytravelexp.com/']",2021-04-08,11,0,2021-04-08 12:24:18.762000,2021-04-08 12:24:30.242000,95.223.183.233,Bonn,North Rhine-Westphalia,Germany,j87jtf,4g
1hztuu9,"['https://mytravelexp.com/contactus/', 'https://mytravelexp.com/about/', 'https://mytravelexp.com/privacy-policy/']",3,"['Contact Us - My Travel Exp', 'About - My Travel Exp', 'Privacy Policy / Terms and Conditions - My Travel Exp']",['en-US'],"['Mozilla/5.0 (Windows NT 10.0; Win64; x64) AppleWebKit/537.36 (KHTML, like Gecko) Chrome/89.0.4389.114 Safari/537.36']",Chrome,Windows NT 10.0, Win64,,"['https://mytravelexp.com/about/', 'https://mytravelexp.com/contactus/']",2021-04-08,376,0,2021-04-08 13:48:02.281000,2021-04-08 13:54:18.425000,95.223.183.233,Bonn,North Rhine-Westphalia,Germany,j87jtf,4g
1e5qtbz,"['https://mytravelexp.com/about/', 'https://mytravelexp.com/contactus/', 'https://mytravelexp.com/']",3,"['About - My Travel Exp', 'Contact Us - My Travel Exp', 'Home - My Travel Exp']",['en-US'],"['Mozilla/5.0 (Windows NT 10.0; Win64; x64) AppleWebKit/537.36 (KHTML, like Gecko) Chrome/89.0.4389.114 Safari/537.36']",Chrome,Windows NT 10.0, Win64,,"['https://mytravelexp.com/privacy-policy/', 'https://mytravelexp.com/about/', 'https://mytravelexp.com/contactus/', 'https://mytravelexp.com/']",2021-04-08,411,0,2021-04-08 16:54:06.387000,2021-04-08 17:00:57.533000,95.223.183.233,Bonn,North Rhine-Westphalia,Germany,j87jtf,4g
yxdw2i,['http://mytravelexp.com/'],1,['Home - My Travel Exp'],['en-US'],"['Mozilla/5.0 (Windows NT 10.0; Win64; x64) AppleWebKit/537.36 (KHTML, like Gecko) Chrome/89.0.4389.114 Safari/537.36']",Chrome,Windows NT 10.0, Win64,,,2021-04-08,0,0,2021-04-08 18:50:13.223000,2021-04-08 18:50:13.223000,95.223.183.233,Bonn,North Rhine-Westphalia,Germany,j87jtf,4g
rzgz2m,"['https://mytravelexp.com/destinations/', 'https://mytravelexp.com/privacy-policy/', 'https://mytravelexp.com/category/budget-travel/', 'https://mytravelexp.com/category/thailand/']",4,"['Destinations - My Travel Exp', 'Privacy Policy / Terms and Conditions - My Travel Exp', 'Budget Travel Archives - My Travel Exp', 'Thailand Archives - My Travel Exp']",['en-US'],"['Mozilla/5.0 (Windows NT 10.0; Win64; x64) AppleWebKit/537.36 (KHTML, like Gecko) Chrome/89.0.4389.114 Safari/537.36']",Chrome,Windows NT 10.0, Win64,,"['http://mytravelexp.com/', 'https://mytravelexp.com/destinations/', 'https://mytravelexp.com/privacy-policy/', 'https://mytravelexp.com/category/budget-travel/']",2021-04-08,1953,0,2021-04-08 18:50:17.615000,2021-04-08 19:22:50.764000,95.223.183.233,Bonn,North Rhine-Westphalia,Germany,j87jtf,4g
pkrp5l,"['https://mytravelexp.com/destinations/', 'https://mytravelexp.com/', 'https://mytravelexp.com/blog/', 'https://mytravelexp.com/contactus/', 'https://mytravelexp.com/privacy-policy/', 'https://mytravelexp.com/travel-around-europe/']",6,"['Destinations - My Travel Exp', 'Home - My Travel Exp', 'Blog - My Travel Exp', 'Contact Us - My Travel Exp', 'Privacy Policy / Terms and Conditions - My Travel Exp', 'Europe - My Travel Exp']",['en-US'],"['Mozilla/5.0 (Windows NT 10.0; Win64; x64) AppleWebKit/537.36 (KHTML, like Gecko) Chrome/89.0.4389.114 Safari/537.36']",Chrome,Windows NT 10.0, Win64,,"['https://mytravelexp.com/category/thailand/', 'https://mytravelexp.com/destinations/', 'https://mytravelexp.com/', 'https://mytravelexp.com/blog/', 'https://mytravelexp.com/contactus/', 'https://mytravelexp.com/privacy-policy/', 'https://mytravelexp.com/travel-around-europe/']",2021-04-08,765,0,2021-04-08 19:49:18.091000,2021-04-08 20:02:03.822000,95.223.183.233,Bonn,North Rhine-Westphalia,Germany,j87jtf,4g
alvh8z,"['https://mytravelexp.com/destinations/', 'https://mytravelexp.com/travel-around-asia/', 'https://mytravelexp.com/contactus/', 'https://mytravelexp.com/', 'https://mytravelexp.com/privacy-policy/']",5,"['Destinations - My Travel Exp', 'Asia - My Travel Exp', 'Contact Us - My Travel Exp', 'Home - My Travel Exp', 'Privacy Policy / Terms and Conditions - My Travel Exp']",['en-US'],"['Mozilla/5.0 (Windows NT 10.0; Win64; x64) AppleWebKit/537.36 (KHTML, like Gecko) Chrome/89.0.4389.114 Safari/537.36']",Chrome,Windows NT 10.0, Win64,,"['https://mytravelexp.com/privacy-policy/', 'https://mytravelexp.com/destinations/', 'https://mytravelexp.com/travel-around-asia/', 'https://mytravelexp.com/contactus/', 'https://mytravelexp.com/']",2021-04-08,958,0,2021-04-08 20:53:07.145000,2021-04-08 21:09:05.848000,95.223.183.233,Bonn,North Rhine-Westphalia,Germany,j87jtf,4g
jktjhp,['http://mytravelexp.com/'],1,['Home - My Travel Exp'],['en-US'],"['Mozilla/5.0 (Windows NT 10.0; Win64; x64) AppleWebKit/537.36 (KHTML, like Gecko) Chrome/89.0.4389.114 Safari/537.36']",Chrome,Windows NT 10.0, Win64,,,2021-04-09,0,0,2021-04-09 11:02:02.574000,2021-04-09 11:02:02.574000,95.223.183.139,Sankt Augustin,North Rhine-Westphalia,Germany,j87jtf,4g
ok0jka,"['https://mytravelexp.com/destinations/', 'https://mytravelexp.com/contactus/', 'https://mytravelexp.com/privacy-policy/', 'https://mytravelexp.com/']",4,"['Destinations - My Travel Exp', 'Contact Us - My Travel Exp', 'Privacy Policy / Terms and Conditions - My Travel Exp', 'Home - My Travel Exp']",['en-US'],"['Mozilla/5.0 (Windows NT 10.0; Win64; x64) AppleWebKit/537.36 (KHTML, like Gecko) Chrome/89.0.4389.114 Safari/537.36']",Chrome,Windows NT 10.0, Win64,,"['http://mytravelexp.com/', 'https://mytravelexp.com/destinations/', 'https://mytravelexp.com/contactus/', 'https://mytravelexp.com/privacy-policy/', 'https://mytravelexp.com/']",2021-04-09,714,0,2021-04-09 11:02:04.356000,2021-04-09 11:13:58.566000,95.223.183.139,Sankt Augustin,North Rhine-Westphalia,Germany,j87jtf,4g
15s4l3v,"['https://mytravelexp.com/', 'https://mytravelexp.com/blog/']",2,"['Home - My Travel Exp', 'Blog - My Travel Exp']",['en-US'],['Mozilla/5.0 (Windows NT 10.0; Win64; x64; rv:87.0) Gecko/20100101 Firefox/87.0'],Firefox,Windows NT 10.0, Win64,,['https://mytravelexp.com/'],2021-04-10,420,0,2021-04-10 16:21:50.156000,2021-04-10 16:28:50.682000,49.207.207.38,Bengaluru,Karnataka,India,ju8tuw,
eppx9g,['https://mytravelexp.com/'],1,['Home - My Travel Exp'],['en-US'],"['Mozilla/5.0 (Windows NT 10.0; Win64; x64) AppleWebKit/537.36 (KHTML, like Gecko) Chrome/89.0.4389.114 Safari/537.36']",Chrome,Windows NT 10.0, Win64,,,2021-04-12,3,0,2021-04-12 06:06:23.119000,2021-04-12 06:06:26.602000,49.207.213.91,Bengaluru,Karnataka,India,17b6qq2,4g
ygnpr9,['http://mytravelexp.com/'],1,['Home - My Travel Exp'],['en-gb'],"['Mozilla/5.0 (Macintosh; Intel Mac OS X 10_15_7) AppleWebKit/605.1.15 (KHTML, like Gecko) Version/14.0.3 Safari/605.1.15']",Safari,Macintosh, Intel Mac OS X 10_15_7,,,2021-04-12,106,0,2021-04-12 07:24:26.433000,2021-04-12 07:26:12.905000,103.197.112.37,Aizawl,Mizoram,India,1iydhtt,
11dr7vp,['http://mytravelexp.com/'],1,['Home - My Travel Exp'],['en-gb'],"['Mozilla/5.0 (Macintosh; Intel Mac OS X 10_15_7) AppleWebKit/605.1.15 (KHTML, like Gecko) Version/14.0.3 Safari/605.1.15']",Safari,Macintosh, Intel Mac OS X 10_15_7,,,2021-04-12,551,0,2021-04-12 07:26:18.007000,2021-04-12 07:35:29.585000,103.197.112.37,Aizawl,Mizoram,India,1iydhtt,
8mqjm1,['http://mytravelexp.com/'],1,['Home - My Travel Exp'],['en-gb'],"['Mozilla/5.0 (Macintosh; Intel Mac OS X 10_15_7) AppleWebKit/605.1.15 (KHTML, like Gecko) Version/14.0.3 Safari/605.1.15']",Safari,Macintosh, Intel Mac OS X 10_15_7,,,2021-04-12,477,0,2021-04-12 07:36:37.519000,2021-04-12 07:44:34.973000,103.197.112.37,Aizawl,Mizoram,India,1iydhtt,
z595gi,['http://mytravelexp.com/wp-includes/theme-compat/back-up.php'],1,['Page not found - My Travel Exp'],['en-US'],"['Mozilla/5.0 (Windows NT 6.1; Win64; x64) AppleWebKit/537.36 (KHTML, like Gecko) Chrome/83.0.4103.61 Safari/537.36']",Chrome,Windows NT 6.1, Win64,,,2021-04-12,0,0,2021-04-12 07:57:33.088000,2021-04-12 07:57:33.088000,205.169.39.158,Santa Clara,California,United States,1d2902h,4g
1nowmfy,['https://mytravelexp.com/'],1,['Home - My Travel Exp'],['en-US'],"['Mozilla/5.0 (Windows NT 10.0; Win64; x64) AppleWebKit/537.36 (KHTML, like Gecko) Chrome/89.0.4389.114 Safari/537.36']",Chrome,Windows NT 10.0, Win64,,,2021-04-12,4,0,2021-04-12 08:51:28.379000,2021-04-12 08:51:33.360000,193.16.224.14,Wiesloch,Baden-Württemberg,Germany,17b6qq2,4g
y8nfj7,['https://mytravelexp.com/destinations/'],1,['Destinations - My Travel Exp'],['en-US'],"['Mozilla/5.0 (Windows NT 10.0; Win64; x64) AppleWebKit/537.36 (KHTML, like Gecko) Chrome/89.0.4389.114 Safari/537.36']",Chrome,Windows NT 10.0, Win64,,['https://mytravelexp.com/'],2021-04-12,48,0,2021-04-12 08:53:14.122000,2021-04-12 08:54:02.574000,193.16.224.14,Wiesloch,Baden-Württemberg,Germany,17b6qq2,4g
1pigm50,['https://mytravelexp.com/'],1,['Home - My Travel Exp'],['en-US'],"['Mozilla/5.0 (Windows NT 10.0; Win64; x64) AppleWebKit/537.36 (KHTML, like Gecko) Chrome/89.0.4389.114 Safari/537.36']",Chrome,Windows NT 10.0, Win64,,,2021-04-12,362,0,2021-04-12 08:54:22.027000,2021-04-12 09:00:24.595000,193.16.224.14,Wiesloch,Baden-Württemberg,Germany,kjmi0x,3g
1jl1vbz,['https://mytravelexp.com/travel-essentials/travel-essentials-for-asia/'],1,['Useful Travel Essentials for Asia and what to expect - My Travel Exp'],['en-US'],"['Mozilla/5.0 (Windows NT 10.0; Win64; x64) AppleWebKit/537.36 (KHTML, like Gecko) Chrome/89.0.4389.114 Safari/537.36']",Chrome,Windows NT 10.0, Win64,,['https://mytravelexp.com/'],2021-04-12,562,0,2021-04-12 08:55:24.215000,2021-04-12 09:04:46.375000,193.16.224.14,Wiesloch,Baden-Württemberg,Germany,kjmi0x,3g
19mdy5n,['http://mytravelexp.com/'],1,['Home - My Travel Exp'],['en-gb'],"['Mozilla/5.0 (Macintosh; Intel Mac OS X 10_15_7) AppleWebKit/605.1.15 (KHTML, like Gecko) Version/14.0.3 Safari/605.1.15']",Safari,Macintosh, Intel Mac OS X 10_15_7,,,2021-04-12,57,0,2021-04-12 08:59:19.581000,2021-04-12 09:00:17.147000,196.15.23.9,Bengaluru,Karnataka,India,1iydhtt,
1dff9gc,['https://mytravelexp.com/travel-essentials/travel-essentials-for-oceania/'],1,['How To Pack Travel Essentials For Oceania Adventure - My Travel Exp'],['en-gb'],"['Mozilla/5.0 (Macintosh; Intel Mac OS X 10_15_7) AppleWebKit/605.1.15 (KHTML, like Gecko) Version/14.0.3 Safari/605.1.15']",Safari,Macintosh, Intel Mac OS X 10_15_7,,['http://mytravelexp.com/'],2021-04-12,39,0,2021-04-12 08:59:35.685000,2021-04-12 09:00:15.184000,196.15.23.9,Bengaluru,Karnataka,India,1iydhtt,
hxnvjt,['https://mytravelexp.com/travel-essentials/travel-essentials-for-asia/'],1,['Useful Travel Essentials for Asia and what to expect - My Travel Exp'],['en-US'],"['Mozilla/5.0 (Windows NT 10.0; Win64; x64) AppleWebKit/537.36 (KHTML, like Gecko) Chrome/89.0.4389.114 Safari/537.36']",Chrome,Windows NT 10.0, Win64,,['https://mytravelexp.com/'],2021-04-12,0,0,2021-04-12 09:36:43.288000,2021-04-12 09:36:43.288000,193.16.224.14,Wiesloch,Baden-Württemberg,Germany,kjmi0x,4g
49zodl,['https://mytravelexp.com/'],1,['Home - My Travel Exp'],['en-US'],"['Mozilla/5.0 (Windows NT 10.0; Win64; x64) AppleWebKit/537.36 (KHTML, like Gecko) Chrome/89.0.4389.114 Safari/537.36']",Chrome,Windows NT 10.0, Win64,,,2021-04-12,4,0,2021-04-12 10:45:44.146000,2021-04-12 10:45:48.473000,193.16.224.14,Wiesloch,Baden-Württemberg,Germany,17b6qq2,4g
11ic5tr,['http://mytravelexp.com/'],1,['Home - My Travel Exp'],['en-gb'],"['Mozilla/5.0 (Macintosh; Intel Mac OS X 10_15_7) AppleWebKit/605.1.15 (KHTML, like Gecko) Version/14.0.3 Safari/605.1.15']",Safari,Macintosh, Intel Mac OS X 10_15_7,,,2021-04-12,119,0,2021-04-12 10:48:01.986000,2021-04-12 10:50:01.146000,196.15.23.9,Bengaluru,Karnataka,India,1iydhtt,
1czqk9u,['http://mytravelexp.com/'],1,['Home - My Travel Exp'],['en-gb'],"['Mozilla/5.0 (Macintosh; Intel Mac OS X 10_15_7) AppleWebKit/605.1.15 (KHTML, like Gecko) Version/14.0.3 Safari/605.1.15']",Safari,Macintosh, Intel Mac OS X 10_15_7,,,2021-04-12,45,0,2021-04-12 10:50:21.691000,2021-04-12 10:51:07.622000,196.15.23.9,Bengaluru,Karnataka,India,1k85vlf,
fsc169,['https://mytravelexp.com/'],1,['Home - My Travel Exp'],['en-US'],"['Mozilla/5.0 (Windows NT 10.0; Win64; x64) AppleWebKit/537.36 (KHTML, like Gecko) Chrome/89.0.4389.114 Safari/537.36']",Chrome,Windows NT 10.0, Win64,,,2021-04-12,37,0,2021-04-12 10:51:00.362000,2021-04-12 10:51:38.255000,193.16.224.14,Wiesloch,Baden-Württemberg,Germany,8q23c8,3g
1x3qo2m,['https://mytravelexp.com/'],1,['Home - My Travel Exp'],['en-US'],"['Mozilla/5.0 (Windows NT 10.0; Win64; x64) AppleWebKit/537.36 (KHTML, like Gecko) Chrome/89.0.4389.114 Safari/537.36']",Chrome,Windows NT 10.0, Win64,,,2021-04-12,4,0,2021-04-12 10:51:56.591000,2021-04-12 10:52:01.082000,193.16.224.14,Wiesloch,Baden-Württemberg,Germany,17b6qq2,3g
1b4ahgw,['https://mytravelexp.com/'],1,['Home - My Travel Exp'],['en-US'],"['Mozilla/5.0 (Windows NT 10.0; Win64; x64) AppleWebKit/537.36 (KHTML, like Gecko) Chrome/89.0.4389.114 Safari/537.36']",Chrome,Windows NT 10.0, Win64,,,2021-04-12,4,0,2021-04-12 10:52:29.724000,2021-04-12 10:52:34.063000,193.16.224.14,Wiesloch,Baden-Württemberg,Germany,17b6qq2,3g
1bkd1yh,['https://mytravelexp.com/'],1,['Home - My Travel Exp'],['en-US'],"['Mozilla/5.0 (Windows NT 10.0; Win64; x64) AppleWebKit/537.36 (KHTML, like Gecko) Chrome/89.0.4389.114 Safari/537.36']",Chrome,Windows NT 10.0, Win64,,,2021-04-12,6,0,2021-04-12 10:54:06.346000,2021-04-12 10:54:12.433000,49.207.219.253,Bengaluru,Karnataka,India,17b6qq2,3g
1iydu8v,['https://mytravelexp.com/'],1,['Home - My Travel Exp'],['en-US'],"['Mozilla/5.0 (Windows NT 10.0; Win64; x64) AppleWebKit/537.36 (KHTML, like Gecko) Chrome/89.0.4389.114 Safari/537.36']",Chrome,Windows NT 10.0, Win64,,,2021-04-12,787,0,2021-04-12 10:56:34.510000,2021-04-12 11:09:41.918000,49.207.219.253,Bengaluru,Karnataka,India,eu44zz,4g
5gonxm,['https://mytravelexp.com/'],1,['Home - My Travel Exp'],['en-US'],"['Mozilla/5.0 (Windows NT 10.0; Win64; x64) AppleWebKit/537.36 (KHTML, like Gecko) Chrome/89.0.4389.114 Safari/537.36']",Chrome,Windows NT 10.0, Win64,,,2021-04-12,4,0,2021-04-12 14:08:46.304000,2021-04-12 14:08:50.577000,49.207.219.253,Bengaluru,Karnataka,India,eu44zz,4g
